Index,Customer Id,First Name,Last Name,Company,City,Country,Phone,Dob
1,DD37Cf93aecA6Dc,Sheryl,Baxter,Rasmussen Group,East Leonard,Chile,229.077.5154,1/02/2025
2,1Ef7b82A4CAAD10,Preston,Lozano,Vega-Gentry,East Jimmychester,Djibouti,5153435776,2/02/2025
3,6F94879bDAfE5a6,Roy,Berry,Murillo-Perry,Isabelborough,Antigua and Barbuda,-1199,3/02/2025
4,5Cef8BFA16c5e3c,Linda,Olsen,"Dominguez, Mcmillan and Donovan",Bensonview,Dominican Republic,001-808-617-6467,4/02/2025
5,053d585Ab6b3159,Joanna,Bender,"Martin, Lang and Andrade",West Priscilla,Slovakia (Slovak Republic),001-234-203-0635,5/02/2025
6,2d08FB17EE273F4,Aimee,Downs,Steele Group,Chavezborough,Bosnia and Herzegovina,(283)437-3886,6/02/2025
7,EA4d384DfDbBf77,Darren,Peck,"Lester, Woodard and Mitchell",Lake Ana,Pitcairn Islands,(496)452-6181,7/02/2025
8,0e04AFde9f225dE,Brett,Mullen,"Sanford, Davenport and Giles",Kimport,Bulgaria,001-583-352-7197,8/02/2025
9,C2dE4dEEc489ae0,Sheryl,Meyers,Browning-Simon,Robersonstad,Cyprus,854-138-4911,9/02/2025
