Index,Customer Id,First Name,Last Name,Company,City,Country,Phone 1,Phone 2,Email,Subscription Date,Website,Dob
1,DD37Cf93aecA6Dc,Sheryl,Baxter,Rasmussen Group,East Leonard,Chile,229.077.5154,397.884.0519x718,zunigavanessa@smith.info,24/08/2020,http://www.stephenson.com/,1/02/2025
2,1Ef7b82A4CAAD10,Preston,Lozano,Vega-Gentry,East Jimmychester,Djibouti,5153435776,686-620-1820x944,vmata@colon.com,23/04/2021,http://www.hobbs.com/,2/02/2025
3,6F94879bDAfE5a6,Roy,Berry,Murillo-Perry,Isabelborough,Antigua and Barbuda,-1199,(496)978-3969x58947,beckycarr@hogan.com,25/03/2020,http://www.lawrence.com/,3/02/2025
4,5Cef8BFA16c5e3c,Linda,Olsen,"Dominguez, Mcmillan and Donovan",Bensonview,Dominican Republic,001-808-617-6467x12895,-9892,stanleyblackwell@benson.org,2/06/2020,http://www.good-lyons.com/,4/02/2025
5,053d585Ab6b3159,Joanna,Bender,"Martin, Lang and Andrade",West Priscilla,Slovakia (Slovak Republic),001-234-203-0635x76146,001-199-446-3860x3486,colinalvarado@miles.net,17/04/2021,https://goodwin-ingram.com/,5/02/2025
6,2d08FB17EE273F4,Aimee,Downs,Steele Group,Chavezborough,Bosnia and Herzegovina,(283)437-3886x88321,999-728-1637,louis27@gilbert.com,25/02/2020,http://www.berger.net/,6/02/2025
7,EA4d384DfDbBf77,Darren,Peck,"Lester, Woodard and Mitchell",Lake Ana,Pitcairn Islands,(496)452-6181x3291,+1-247-266-0963x4995,tgates@cantrell.com,24/08/2021,https://www.le.com/,7/02/2025
8,0e04AFde9f225dE,Brett,Mullen,"Sanford, Davenport and Giles",Kimport,Bulgaria,001-583-352-7197x297,001-333-145-0369,asnow@colon.com,12/04/2021,https://hammond-ramsey.com/,8/02/2025
9,C2dE4dEEc489ae0,Sheryl,Meyers,Browning-Simon,Robersonstad,Cyprus,854-138-4911x5772,+1-448-910-2276x729,mariokhan@ryan-pope.org,13/01/2020,https://www.bullock.net/,9/02/2025